Model,Accuracy,AUC,Precision,Recall,F1,MCC
Logistic Regression,0.842391304347826,0.9131498470948012,0.8773584905660378,0.8532110091743119,0.8651162790697674,0.6760431673298617
Decision Tree,0.7934782608695652,0.8007339449541285,0.8736842105263158,0.7614678899082569,0.8137254901960784,0.5914247863457097
kNN,0.875,0.9063608562691131,0.8839285714285714,0.908256880733945,0.8959276018099548,0.7399643278201248
Naive Bayes,0.8043478260869565,0.9020183486238532,0.8762886597938144,0.7798165137614679,0.8252427184466019,0.6100445199302084
Random Forest,0.8804347826086957,0.9403058103975536,0.9142857142857143,0.8807339449541285,0.897196261682243,0.7552113024528889
XGBoost,0.842391304347826,0.9334556574923547,0.8921568627450981,0.8348623853211009,0.8625592417061612,0.6803757641435977
